{"cameraMode":{"drawMode":0,"name":"Shaded","section":"Shading Mode"},"sceneLighting":false,"audioPlay":false,"sceneViewState":{"showFog":true,"showMaterialUpdate":false,"showSkybox":false,"showFlares":true,"showImageEffects":true,"showParticleSystems":true},"in2DMode":false,"pivot":{"x":23.000972747802736,"y":5.2217302322387699,"z":-12.215875625610352},"rotation":{"x":-0.13786181807518006,"y":0.7416842579841614,"z":-0.16065248847007752,"w":-0.6364666819572449},"size":6.032809257507324,"orthographic":false}